student_id,content,wording
000000ffffff,-1.3990747,-1.4068666
222222cccccc,-1.3990747,-1.4068666
111111eeeeee,-1.3990747,-1.4068666
333333dddddd,-1.3990747,-1.4068666
